"sample_id","PC1","PC2","chemical","group","dose_uM","replicate","treatment"
"Resorcinol_10m1_A",-98.4135823558745,-18.120865946774,"Resorcinol","10m1",40.5,"A","Exposed"
"Resorcinol_10m1_B",29.4413236988483,-0.154850738242326,"Resorcinol","10m1",40.5,"B","Exposed"
"Resorcinol_10m1_C",35.5342076152224,-1.20134973247532,"Resorcinol","10m1",40.5,"C","Exposed"
"Resorcinol_10m1_D",6.9957435644061,68.2571445166676,"Resorcinol","10m1",40.5,"D","Exposed"
"Resorcinol_10m1_E",49.5053361486522,-31.2635979669872,"Resorcinol","10m1",40.5,"E","Exposed"
"Resorcinol_10m2_A",-102.492055184707,-17.1619644229605,"Resorcinol","10m2",4.05,"A","Exposed"
"Resorcinol_10m2_B",39.8413429627667,-6.00608400453988,"Resorcinol","10m2",4.05,"B","Exposed"
"Resorcinol_10m2_C",38.7108508756438,5.74746693553758,"Resorcinol","10m2",4.05,"C","Exposed"
"Resorcinol_10m2_D",-15.609843743735,54.165753292122,"Resorcinol","10m2",4.05,"D","Exposed"
"Resorcinol_10m2_E",65.4993856386104,-29.2456802194604,"Resorcinol","10m2",4.05,"E","Exposed"
"Resorcinol_10m3_A",-119.434484873163,-21.6155018038338,"Resorcinol","10m3",0.405,"A","Exposed"
"Resorcinol_10m3_B",27.3213975323399,-10.5782894525363,"Resorcinol","10m3",0.405,"B","Exposed"
"Resorcinol_10m3_C",37.3435919628304,-1.64577583711022,"Resorcinol","10m3",0.405,"C","Exposed"
"Resorcinol_10m3_D",-1.36948232701292,58.2822908708764,"Resorcinol","10m3",0.405,"D","Exposed"
"Resorcinol_10m3_E",56.6840624044505,-16.1028744157202,"Resorcinol","10m3",0.405,"E","Exposed"
"Resorcinol_10m4_A",-118.210148552714,-48.8958976646995,"Resorcinol","10m4",0.0405,"A","Exposed"
"Resorcinol_10m4_B",31.621909456047,-6.74383779465945,"Resorcinol","10m4",0.0405,"B","Exposed"
"Resorcinol_10m4_C",13.4664595032258,-8.41284240346092,"Resorcinol","10m4",0.0405,"C","Exposed"
"Resorcinol_10m4_D",-15.4380541233017,58.904350520547,"Resorcinol","10m4",0.0405,"D","Exposed"
"Resorcinol_10m4_E",57.482450615267,-28.9249341400952,"Resorcinol","10m4",0.0405,"E","Exposed"
"Resorcinol_CC20_A",-88.3038593401737,-7.39744496948003,"Resorcinol","CC20",0,"A","Carrier control"
"Resorcinol_CC20_B",28.6616591340666,0.275224816963901,"Resorcinol","CC20",0,"B","Carrier control"
"Resorcinol_CC20_C",39.5953784406458,4.92491309432622,"Resorcinol","CC20",0,"C","Carrier control"
"Resorcinol_CC20_D",-43.4089659699981,68.1539070129036,"Resorcinol","CC20",0,"D","Carrier control"
"Resorcinol_CC20_E",66.7711188480567,-33.1303843812179,"Resorcinol","CC20",0,"E","Carrier control"
"Resorcinol_EC20_A",-107.370883786666,-37.6731546171761,"Resorcinol","EC20",405,"A","Exposed"
"Resorcinol_EC20_B",22.0718661413826,-7.71060398041044,"Resorcinol","EC20",405,"B","Exposed"
"Resorcinol_EC20_C",34.141436147238,-7.7512026322166,"Resorcinol","EC20",405,"C","Exposed"
"Resorcinol_EC20_D",-30.1355105048777,48.1249075354207,"Resorcinol","EC20",405,"D","Exposed"
"Resorcinol_EC20_E",59.4973500725217,-27.09882147131,"Resorcinol","EC20",405,"E","Exposed"
