"sample_id","chemical","group","dose_uM","replicate","treatment"
"Raloxifene_10m1_A","Raloxifene","10m1",2.01,"A","Exposed"
"Raloxifene_10m1_B","Raloxifene","10m1",2.01,"B","Exposed"
"Raloxifene_10m1_C","Raloxifene","10m1",2.01,"C","Exposed"
"Raloxifene_10m1_D","Raloxifene","10m1",2.01,"D","Exposed"
"Raloxifene_10m1_E","Raloxifene","10m1",2.01,"E","Exposed"
"Raloxifene_10m2_A","Raloxifene","10m2",0.201,"A","Exposed"
"Raloxifene_10m2_B","Raloxifene","10m2",0.201,"B","Exposed"
"Raloxifene_10m2_C","Raloxifene","10m2",0.201,"C","Exposed"
"Raloxifene_10m2_D","Raloxifene","10m2",0.201,"D","Exposed"
"Raloxifene_10m2_E","Raloxifene","10m2",0.201,"E","Exposed"
"Raloxifene_10m3_A","Raloxifene","10m3",0.0201,"A","Exposed"
"Raloxifene_10m3_B","Raloxifene","10m3",0.0201,"B","Exposed"
"Raloxifene_10m3_C","Raloxifene","10m3",0.0201,"C","Exposed"
"Raloxifene_10m3_D","Raloxifene","10m3",0.0201,"D","Exposed"
"Raloxifene_10m3_E","Raloxifene","10m3",0.0201,"E","Exposed"
"Raloxifene_10m4_A","Raloxifene","10m4",0.00201,"A","Exposed"
"Raloxifene_10m4_B","Raloxifene","10m4",0.00201,"B","Exposed"
"Raloxifene_10m4_C","Raloxifene","10m4",0.00201,"C","Exposed"
"Raloxifene_10m4_D","Raloxifene","10m4",0.00201,"D","Exposed"
"Raloxifene_10m4_E","Raloxifene","10m4",0.00201,"E","Exposed"
"Raloxifene_CC20_A","Raloxifene","CC20",0,"A","Carrier control"
"Raloxifene_CC20_B","Raloxifene","CC20",0,"B","Carrier control"
"Raloxifene_CC20_C","Raloxifene","CC20",0,"C","Carrier control"
"Raloxifene_CC20_D","Raloxifene","CC20",0,"D","Carrier control"
"Raloxifene_CC20_E","Raloxifene","CC20",0,"E","Carrier control"
"Raloxifene_EC20_A","Raloxifene","EC20",20.1,"A","Exposed"
"Raloxifene_EC20_B","Raloxifene","EC20",20.1,"B","Exposed"
"Raloxifene_EC20_C","Raloxifene","EC20",20.1,"C","Exposed"
"Raloxifene_EC20_D","Raloxifene","EC20",20.1,"D","Exposed"
"Raloxifene_EC20_E","Raloxifene","EC20",20.1,"E","Exposed"
"Resorcinol_10m1_A","Resorcinol","10m1",40.5,"A","Exposed"
"Resorcinol_10m1_B","Resorcinol","10m1",40.5,"B","Exposed"
"Resorcinol_10m1_C","Resorcinol","10m1",40.5,"C","Exposed"
"Resorcinol_10m1_D","Resorcinol","10m1",40.5,"D","Exposed"
"Resorcinol_10m1_E","Resorcinol","10m1",40.5,"E","Exposed"
"Resorcinol_10m2_A","Resorcinol","10m2",4.05,"A","Exposed"
"Resorcinol_10m2_B","Resorcinol","10m2",4.05,"B","Exposed"
"Resorcinol_10m2_C","Resorcinol","10m2",4.05,"C","Exposed"
"Resorcinol_10m2_D","Resorcinol","10m2",4.05,"D","Exposed"
"Resorcinol_10m2_E","Resorcinol","10m2",4.05,"E","Exposed"
"Resorcinol_10m3_A","Resorcinol","10m3",0.405,"A","Exposed"
"Resorcinol_10m3_B","Resorcinol","10m3",0.405,"B","Exposed"
"Resorcinol_10m3_C","Resorcinol","10m3",0.405,"C","Exposed"
"Resorcinol_10m3_D","Resorcinol","10m3",0.405,"D","Exposed"
"Resorcinol_10m3_E","Resorcinol","10m3",0.405,"E","Exposed"
"Resorcinol_10m4_A","Resorcinol","10m4",0.0405,"A","Exposed"
"Resorcinol_10m4_B","Resorcinol","10m4",0.0405,"B","Exposed"
"Resorcinol_10m4_C","Resorcinol","10m4",0.0405,"C","Exposed"
"Resorcinol_10m4_D","Resorcinol","10m4",0.0405,"D","Exposed"
"Resorcinol_10m4_E","Resorcinol","10m4",0.0405,"E","Exposed"
"Resorcinol_CC20_A","Resorcinol","CC20",0,"A","Carrier control"
"Resorcinol_CC20_B","Resorcinol","CC20",0,"B","Carrier control"
"Resorcinol_CC20_C","Resorcinol","CC20",0,"C","Carrier control"
"Resorcinol_CC20_D","Resorcinol","CC20",0,"D","Carrier control"
"Resorcinol_CC20_E","Resorcinol","CC20",0,"E","Carrier control"
"Resorcinol_EC20_A","Resorcinol","EC20",405,"A","Exposed"
"Resorcinol_EC20_B","Resorcinol","EC20",405,"B","Exposed"
"Resorcinol_EC20_C","Resorcinol","EC20",405,"C","Exposed"
"Resorcinol_EC20_D","Resorcinol","EC20",405,"D","Exposed"
"Resorcinol_EC20_E","Resorcinol","EC20",405,"E","Exposed"
